{
 "type": "Feature",
 "id": "58e5889ce4b02461ad5af080",
 "geometry": {
   "type": "Point",
   "coordinates": [
     50,
     60
   ]
 },
 "properties": {
   "@featureType": "stations",
   "_id": "58e5889ce4b02461ad5af080",
   "name": "station 1",
   "numericValue": 20,
   "contact": {
     "type": "Feature",
     "id": "fid-3087ff95_17844d87c61_-7aad",
     "geometry": null,
     "properties": {
       "@featureType": "Contact",
       "mail": "station1@mail.com"
     }
   },
   "id": "1",
   "measurements": [
     {
       "values": [
         {
           "value": 20,
           "time": 1482146800
         }
       ],
       "name": "temp",
       "unit": "c"
     },
     {
       "values": [
         {
           "value": 155,
           "time": 1482146833
         }
       ],
       "name": "wind",
       "unit": "km/h"
     }
   ]
  }
}